black_list_check_by_fullname_and_birth,2023-10-09 22:33:41,2
black_list_check_by_fullname_and_birth,2023-10-09 22:33:47,2
black_list_check_by_fullname_and_birth,2023-10-09 22:33:53,2
black_list_check_by_fullname_and_birth,2023-10-09 22:33:59,2
black_list_check_by_fullname_and_birth,2023-10-09 22:35:26,2
black_list_check_by_fullname_and_birth,2023-10-09 22:35:32,2
black_list_check_by_fullname_and_birth,2023-10-09 22:35:38,2
black_list_check_by_fullname_and_birth,2023-10-09 22:35:45,2
rotate_image,2023-10-09 22:36:18,2
rotate_image,2023-10-09 22:36:25,4
send_back_inversion,2023-10-09 22:36:32,3
image_binarization_by_limit,2023-10-09 22:36:38,3
black_list_check_by_fullname_and_birth,2023-10-09 22:36:43,2
send_back_inversion,2023-10-09 22:36:47,9
image_binarization_by_limit,2023-10-09 22:36:59,3
black_list_check_by_fullname_and_birth,2023-10-09 22:37:05,2
image_binarization_by_limit,2023-10-09 22:37:09,4
black_list_check_by_fullname_and_birth,2023-10-09 22:37:15,2
image_binarization_by_limit,2023-10-09 22:37:20,9
black_list_check_by_fullname_and_birth,2023-10-09 22:37:31,2
image_binarization_by_limit,2023-10-09 22:37:35,9
image_binarization_by_limit,2023-10-09 22:37:49,9
